sample_idx,latency_ms
0,1.6372
1,0.5304
2,0.4827
3,0.4295
4,0.4236
5,0.4376
6,0.4452
7,0.4339
8,0.5678
9,0.4600
10,0.4400
11,0.5701
12,0.4795
13,0.4489
14,0.4515
15,0.4290
16,0.4472
17,0.4358
18,0.4310
19,1.1359
20,0.4572
21,0.4650
22,0.5180
23,0.5206
24,0.4687
25,0.4751
26,0.4473
27,0.4474
28,0.4588
29,0.4370
30,0.4766
31,0.4735
32,0.4727
33,0.4907
34,0.4748
35,0.4615
36,0.4618
37,0.4430
38,0.4423
39,0.5024
40,0.5211
41,0.5212
42,0.4889
43,0.4710
44,0.6740
45,0.4730
46,0.4387
47,0.4372
48,0.4482
49,0.7558
50,0.6114
51,0.4246
52,0.7314
53,0.8896
54,0.5810
55,0.8592
56,0.6878
57,0.5686
58,0.6865
59,0.6609
60,0.6659
61,0.5251
62,0.4748
63,0.6607
64,0.6721
65,0.4567
66,0.5195
67,0.4340
68,0.4508
69,0.4709
70,0.4014
71,0.4744
72,0.4613
73,0.6530
74,0.4421
75,0.4094
76,0.4582
77,0.4532
78,0.4499
79,0.4526
80,0.4505
81,0.3877
82,0.7135
83,0.4640
84,0.4145
85,0.4779
86,0.7112
87,0.6366
88,0.6576
89,0.7085
90,0.4538
91,0.4302
92,0.5766
93,0.6071
94,0.4979
95,0.4223
96,0.7472
97,0.6627
98,0.4870
99,0.4886
100,0.4365
101,0.4373
102,0.4974
103,0.4425
104,0.4519
105,0.4083
106,0.4574
107,0.4365
108,0.4757
109,0.4481
110,0.4449
111,0.4496
112,0.4862
113,0.6717
114,0.5446
115,0.5067
116,0.4631
117,0.4599
118,0.4710
119,0.4663
120,0.5311
121,0.4991
122,0.4951
123,0.6581
124,0.9481
125,0.5663
126,0.4949
127,0.4736
128,0.5001
129,0.4252
130,0.4239
131,0.4176
132,0.4034
133,0.3991
134,0.4161
135,0.4986
136,0.5234
137,0.4747
138,0.4577
139,0.4566
140,0.4469
141,0.4491
142,0.4624
143,0.4887
144,0.5176
145,0.4973
146,0.6308
147,0.6452
148,0.4851
149,0.4809
150,0.4439
151,0.4544
152,0.4562
153,0.4611
154,0.4571
155,0.4573
156,0.4348
157,0.6904
158,0.4688
159,0.4549
160,0.4462
161,0.4798
162,0.4478
163,0.4286
164,0.4672
165,0.4481
166,0.4726
167,0.5599
168,0.4556
169,0.4681
170,0.4955
171,0.4580
172,0.4411
173,0.4477
174,0.4362
175,0.4858
176,0.5007
177,0.5170
178,0.9272
179,0.7872
180,0.4859
181,0.4441
182,0.4153
183,0.4846
184,0.4481
185,0.4634
186,0.5056
187,0.4930
188,0.6236
189,0.5792
190,0.5258
191,0.4963
192,0.7263
193,0.7194
194,0.5074
195,0.4656
196,0.4499
197,0.7260
198,0.6200
199,0.4321
200,0.4511
201,0.4280
202,0.3947
203,0.4158
204,0.4281
205,0.4671
206,0.4778
207,0.7291
208,0.7839
209,0.5012
210,0.6406
211,0.4476
212,0.4528
213,0.7440
214,0.4626
215,0.4893
216,0.4495
217,0.4337
218,0.4852
219,0.4604
220,0.4566
221,0.4702
222,0.4470
223,0.6673
224,0.4619
225,0.4584
226,0.4384
227,0.4391
228,0.4628
229,0.4919
230,0.5157
231,0.5035
232,0.4533
233,0.4986
234,0.5105
235,0.4800
236,0.4531
237,0.4634
238,0.4483
239,0.4517
240,0.4433
241,0.4307
242,0.4911
243,0.4755
244,0.4514
245,0.6018
246,1.4703
247,0.5524
248,0.4884
249,0.4621
250,0.4643
251,0.6180
252,0.6320
253,0.4970
254,0.4741
255,0.4569
256,0.4587
257,0.4652
258,0.4670
259,0.4893
260,0.4670
261,0.4583
262,0.5445
263,0.4846
264,0.5207
265,0.4762
266,0.4650
267,0.4855
268,0.4940
269,0.4784
270,0.4455
271,0.4637
272,0.4086
273,0.4037
274,0.6216
275,0.6701
276,0.5039
277,0.4879
278,0.4820
279,0.4542
280,0.4540
281,0.4624
282,0.4593
283,0.4666
284,0.4601
285,0.6951
286,0.7069
287,0.5174
288,0.4880
289,0.4782
290,0.4732
291,0.4594
292,0.4751
293,0.4864
294,0.4603
295,0.5020
296,0.5500
297,0.4991
298,0.4887
299,0.4900
300,0.4976
301,0.5189
302,0.4915
303,0.5034
304,0.4866
305,0.4733
306,0.5879
307,0.5754
308,0.5151
309,0.4754
310,0.4709
311,0.4632
312,0.4956
313,0.5214
314,0.5448
315,0.5140
316,0.5195
317,0.5292
318,0.5768
319,0.4508
320,0.5003
321,0.4260
322,0.4003
323,0.4187
324,0.4252
325,0.4131
326,0.4261
327,0.4577
328,0.4820
329,0.6767
330,0.4712
331,0.4689
332,0.4534
333,0.4496
334,0.4907
335,0.4744
336,0.4866
337,0.5407
338,0.4631
339,0.4736
340,0.6252
341,0.4915
342,0.4694
343,0.4509
344,0.4489
345,0.4504
346,0.4685
347,0.5298
348,0.4158
349,0.4354
350,0.4179
351,0.5567
352,0.5236
353,0.6851
354,0.6854
355,0.6774
356,0.6418
357,0.4860
358,0.4640
359,0.5239
360,0.4325
361,0.4749
362,0.4818
363,0.4811
364,0.6654
365,0.6639
366,0.4278
367,0.5319
368,0.5552
369,0.7786
370,0.7286
371,0.5653
372,0.4518
373,0.4795
374,0.4096
375,0.6464
376,0.4819
377,0.4798
378,0.6024
379,0.5184
380,0.7222
381,0.5256
382,0.6641
383,0.7159
384,0.5044
385,0.4763
386,0.4983
387,0.4834
388,0.4162
389,0.4728
390,0.4905
391,0.4831
392,0.7951
393,0.4619
394,0.4748
395,0.4875
396,0.4565
397,0.4576
398,0.4423
399,0.4659
400,0.4538
401,0.4278
402,0.5164
403,0.8148
404,0.5278
405,0.5392
406,0.4374
407,0.7371
408,0.7017
409,0.4481
410,0.5029
411,0.6438
412,0.7868
413,0.4973
414,0.4485
415,0.4812
416,0.4358
417,0.4789
418,0.4199
419,0.4895
420,0.4574
421,0.5485
422,0.7626
423,0.7887
424,0.5300
425,0.5947
426,0.5390
427,0.4637
428,0.5076
429,0.4808
430,0.7712
431,0.5369
432,0.5264
433,0.5220
434,0.7486
435,0.5140
436,0.5442
437,0.4888
438,0.7311
439,0.7815
440,0.6731
441,0.5014
442,0.4090
443,0.6739
444,0.6789
445,0.4436
446,0.6788
447,0.7727
448,0.5665
449,0.7500
450,0.5270
451,0.4066
452,0.4737
453,0.4435
454,0.6447
455,0.4373
456,0.6004
457,0.4720
458,0.4402
459,0.6993
460,0.7189
461,0.7323
462,0.6964
463,0.7038
464,0.8369
465,0.4901
466,0.5753
467,0.5053
468,0.4743
469,0.5028
470,0.4807
471,0.4451
472,0.7365
473,0.8049
474,0.7704
475,0.4980
476,0.4474
477,0.4651
478,0.4721
479,0.4580
480,0.4575
481,0.4401
482,0.4643
483,0.5128
484,0.6825
485,0.6853
486,0.5297
487,0.4733
488,0.6973
489,0.6742
490,0.4734
491,0.8337
492,0.7750
493,0.5223
494,0.6818
495,0.5701
496,0.5106
497,0.4343
498,0.7208
499,0.7438
500,0.4988
501,0.7185
502,0.7144
503,0.6146
504,0.4918
505,0.4625
506,0.4775
507,0.4683
508,0.5227
509,0.5336
510,0.5486
511,0.4908
512,0.4821
513,0.7520
514,0.5132
515,0.5159
516,0.5619
517,0.6251
518,0.5083
519,0.4265
520,0.7150
521,0.4658
522,0.4900
523,0.5505
524,0.5000
525,0.8253
526,0.5962
527,0.5906
528,0.4894
529,0.5099
530,0.4835
531,0.4458
532,0.5033
533,0.5263
534,0.4648
535,0.4508
536,0.7686
537,0.4797
538,0.4661
539,0.4527
540,0.4456
541,0.4325
542,0.4969
543,0.4794
544,0.5079
545,0.4955
546,0.5718
547,0.4968
548,0.4806
549,0.4618
550,0.4453
551,0.4748
552,0.4351
553,0.4632
554,0.4635
555,0.4419
556,0.7658
557,0.6658
558,0.7324
559,0.4458
560,0.4174
561,0.4094
562,0.4714
563,0.4665
564,0.4943
565,0.4651
566,0.7847
567,0.4575
568,0.4280
569,0.4231
570,0.4140
571,0.4090
572,0.4042
573,0.4073
574,0.7679
575,0.8027
576,0.5500
577,0.6079
578,0.4408
579,0.4123
580,0.4125
581,0.4087
582,0.4128
583,0.7193
584,0.6973
585,0.7774
586,0.4954
587,0.4834
588,0.4713
589,0.4739
590,0.4719
591,0.4665
592,0.4680
593,0.4579
594,0.5127
595,0.5025
596,0.5449
597,0.4741
598,0.4389
599,0.5017
600,0.4928
601,0.4658
602,0.4956
603,0.7332
604,0.7082
605,0.5535
606,0.4990
607,0.5174
608,0.5044
609,0.4836
610,0.8684
611,0.7134
612,0.7600
613,0.6894
614,0.4550
615,0.4766
616,0.5188
617,0.4515
618,0.4945
619,0.4563
620,0.4413
621,0.4297
622,0.4556
623,0.7167
624,0.5258
625,0.4538
626,0.6117
627,0.7111
628,0.4852
629,0.4855
630,0.4319
631,0.4193
632,0.4159
633,0.6448
634,0.4883
635,0.4723
636,0.6553
637,0.6337
638,0.5972
639,0.5637
640,0.4864
641,0.4917
642,0.5073
643,0.4701
644,0.7937
645,0.4993
646,0.5182
647,0.8079
648,0.6030
649,0.5216
650,0.5262
651,0.5291
652,0.4999
653,0.4262
654,0.5796
655,0.4354
656,0.4752
657,0.5937
658,0.8648
659,0.5385
660,0.4788
661,0.4666
662,0.4445
663,0.4559
664,0.4427
665,0.4367
666,0.4343
667,0.4431
668,0.4654
669,0.5847
670,0.4987
671,0.4883
672,0.8890
673,0.4652
674,0.4798
675,0.5248
676,0.6565
677,0.5066
678,0.5120
679,0.5152
680,0.4899
681,0.9572
682,0.5195
683,0.5938
684,1.8890
685,0.5752
686,0.5006
687,0.4841
688,0.5100
689,0.4795
690,0.4592
691,0.4572
692,0.4350
693,0.4523
694,0.5440
695,0.7534
696,0.4826
697,0.4487
698,0.4576
699,0.6982
700,0.7062
701,0.6925
702,0.7599
703,0.5737
704,0.4956
705,0.7222
706,0.8198
707,0.4820
708,0.5282
709,0.5590
710,0.5253
711,0.7022
712,0.6654
713,0.8210
714,0.7521
715,0.7239
716,0.8068
717,0.6967
718,0.7102
719,0.5562
720,0.6712
721,0.4793
722,0.7243
723,0.6662
724,0.6509
725,0.7320
726,0.6771
727,0.5129
728,0.4809
729,0.6819
730,0.6595
731,0.4311
732,0.7122
733,0.6665
734,0.6574
735,0.5274
736,0.4756
737,0.6014
738,0.6802
739,0.8378
740,0.5156
741,0.4901
742,0.5117
743,0.5228
744,0.5713
745,0.5224
746,0.6094
747,0.7591
748,0.5633
749,0.5466
750,0.5258
751,0.4678
752,0.6668
753,0.5275
754,0.4871
755,0.4474
756,0.5629
757,0.5136
758,0.4683
759,0.6978
760,0.6899
761,0.5847
762,0.6197
763,0.5781
764,0.6646
765,0.5102
766,0.4792
767,0.4077
768,0.7193
769,0.7855
770,0.6912
771,0.6814
772,0.6594
773,0.5513
774,0.4181
775,0.4051
776,0.3962
777,0.6767
778,0.5412
779,0.6713
780,0.7725
781,0.7600
782,0.6336
783,0.6161
784,0.7642
785,0.6651
786,0.7387
787,0.4913
788,0.4426
789,0.4201
790,0.4257
791,0.6665
792,0.5331
793,0.7609
794,0.5323
795,0.5242
796,0.4728
797,0.4736
798,0.4688
799,0.4817
800,0.4441
801,0.5331
802,0.4556
803,0.7007
804,0.7735
805,0.4968
806,0.7668
807,0.7865
808,0.7642
809,0.5368
810,0.5521
811,0.6504
812,0.5179
813,0.4818
814,0.4759
815,0.4772
816,0.4490
817,0.4395
818,0.6697
819,0.7289
820,0.4972
821,0.7079
822,0.4695
823,0.4523
824,0.4463
825,0.4486
826,0.4335
827,0.4498
828,0.4476
829,0.4513
830,0.7575
831,0.5309
832,0.6630
833,0.5639
834,0.5393
835,0.6104
836,0.7241
837,0.7238
838,0.6825
839,0.5841
840,0.5553
841,0.5255
842,0.7487
843,0.6980
844,0.4968
845,0.4447
846,0.7134
847,0.7349
848,0.5263
849,0.5179
850,0.4396
851,0.8167
852,0.6874
853,0.6796
854,0.4537
855,0.5539
856,0.6348
857,0.5150
858,0.5317
859,0.5050
860,0.4679
861,0.5434
862,0.5304
863,0.4687
864,0.5244
865,0.4848
866,0.6046
867,0.4369
868,0.7046
869,0.6651
870,0.6987
871,0.7254
872,0.4414
873,0.4526
874,0.4583
875,0.6576
876,0.5060
877,0.6766
878,0.6721
879,0.4720
880,0.4303
881,0.4926
882,0.8118
883,0.4680
884,0.4573
885,0.5474
886,0.7180
887,0.4872
888,0.6474
889,0.7118
890,0.4292
891,0.4300
892,0.5072
893,0.4511
894,0.3916
895,0.4811
896,0.4541
897,0.4267
898,0.4132
899,0.3952
900,0.4244
901,0.4501
902,0.5299
903,0.7807
904,0.7501
905,0.8042
906,0.7141
907,0.4768
908,0.7210
909,0.7032
910,0.5073
911,0.7522
912,0.6906
913,0.5812
914,0.5236
915,0.5572
916,0.5696
917,0.4669
918,0.5097
919,0.4748
920,0.7085
921,0.6671
922,0.4649
923,0.5743
924,0.4452
925,0.4669
926,0.4943
927,0.8544
928,0.4689
929,0.4360
930,0.4332
931,0.4357
932,0.7494
933,0.5613
934,0.7112
935,0.7501
936,0.5050
937,0.6017
938,0.4810
939,0.4556
940,0.4652
941,0.4812
942,0.6276
943,0.7367
944,0.7143
945,0.7910
946,0.5011
947,0.5153
948,0.5526
949,0.5020
950,0.5249
951,0.6755
952,0.5566
953,0.5224
954,0.5999
955,0.8738
956,0.7880
957,0.8594
958,0.7317
959,0.6703
960,0.5836
961,0.6315
962,0.5111
963,0.4889
964,0.4548
965,0.4229
966,0.7206
967,0.7463
968,0.5403
969,0.8563
970,0.5218
971,0.6861
972,0.7005
973,0.7076
974,0.7140
975,0.7184
976,0.5111
977,0.4458
978,0.4480
979,0.6897
980,0.6637
981,0.6858
982,0.7786
983,0.7290
984,0.4490
985,0.5913
986,0.4778
987,0.5289
988,0.8050
989,0.5251
990,0.4689
991,0.4626
992,0.4776
993,0.4477
